{
  "type": "minecraft:chest",
  "pools": [
    {
      "rolls": 1,
      "entries": [
        {
          "type": "minecraft:item",
          "name": "minecraft:paper",
          "weight": 1,
          "functions": [
            {
              "function": "set_count",
              "count": {
                "min": 1,
                "max": 1
              }
            },
	    {
             "function": "minecraft:set_name",
              "name": {
                "text": "Lush-Rare",
                "color": "white"
              }
	    }
          ]
        }
      ]
    }
  ]
}