{
    "pools": [
        {
            "rolls": {
                "min": 13,
                "max": 15
            },
            "entries": [
                {
                    "type": "item",
                    "weight": 20,
                    "name": "minecraft:acacia_sapling",
                    "functions": [
                        {
                            "function": "set_count",
                            "count": {
                                "min": 1,
                                "max": 2
                            }
                        }
                    ]
                },
                {
                    "type": "item",
                    "weight": 20,
                    "name": "minecraft:birch_sapling",
                    "functions": [
                        {
                            "function": "set_count",
                            "count": {
                                "min": 1,
                                "max": 2
                            }
                        }
                    ]
                },
                {
                    "type": "item",
                    "weight": 20,
                    "name": "minecraft:oak_sapling",
                    "functions": [
                        {
                            "function": "set_count",
                            "count": {
                                "min": 1,
                                "max": 2
                            }
                        }
                    ]
                },
                {
                    "type": "item",
                    "weight": 10,
                    "name": "minecraft:allium",
                    "functions": [
                        {
                            "function": "set_count",
                            "count": {
                                "min": 1,
                                "max": 5
                            }
                        }
                    ]
                },
                {
                    "type": "item",
                    "weight": 10,
                    "name": "minecraft:azure_bluet",
                    "functions": [
                        {
                            "function": "set_count",
                            "count": {
                                "min": 1,
                                "max": 5
                            }
                        }
                    ]
                },
                {
                    "type": "item",
                    "weight": 15,
                    "name": "minecraft:book",
                    "functions": [
                        {
                            "function": "set_count",
                            "count": {
                                "min": 1,
                                "max": 4
                            }
                        }
                    ]
                },
                {
                    "type": "item",
                    "weight": 10,
                    "name": "minecraft:bowl",
                    "functions": [
                        {
                            "function": "set_count",
                            "count": 1
                        }
                    ]
                },
                {
                    "type": "item",
                    "weight": 10,
                    "name": "minecraft:brick",
                    "functions": [
                        {
                            "function": "set_count",
                            "count": {
                                "min": 2,
                                "max": 6
                            }
                        }
                    ]
                },
                {
                    "type": "item",
                    "weight": 20,
                    "name": "minecraft:cobblestone",
                    "functions": [
                        {
                            "function": "set_count",
                            "count": {
                                "min": 5,
                                "max": 10
                            }
                        }
                    ]
                },
                {
                    "type": "item",
                    "weight": 10,
                    "name": "minecraft:candle",
                    "functions": [
                        {
                            "function": "set_count",
                            "count": {
                                "min": 1,
                                "max": 4
                            }
                        }
                    ]
                },
                {
                    "type": "item",
                    "weight": 10,
                    "name": "minecraft:dandelion",
                    "functions": [
                        {
                            "function": "set_count",
                            "count": {
                                "min": 1,
                                "max": 5
                            }
                        }
                    ]
                },
                {
                    "type": "item",
                    "weight": 10,
                    "name": "minecraft:dead_bush",
                    "functions": [
                        {
                            "function": "set_count",
                            "count": {
                                "min": 1,
                                "max": 3
                            }
                        }
                    ]
                },
                {
                    "type": "item",
                    "weight": 15,
                    "name": "minecraft:egg",
                    "functions": [
                        {
                            "function": "set_count",
                            "count": {
                                "min": 1,
                                "max": 16
                            }
                        }
                    ]
                },
                {
                    "type": "item",
                    "weight": 10,
                    "name": "minecraft:feather",
                    "functions": [
                        {
                            "function": "set_count",
                            "count": {
                                "min": 2,
                                "max": 5
                            }
                        }
                    ]
                },
                {
                    "type": "item",
                    "weight": 15,
                    "name": "minecraft:fishing_rod",
                    "functions": [
                        {
                            "function": "set_count",
                            "count": 1
                        },
                        {
                            "function": "set_damage",
                            "damage": {
                                "min": 0.5,
                                "max": 1
                            }
                        }
                    ]
                },
                {
                    "type": "item",
                    "weight": 7,
                    "name": "minecraft:light_blue_dye",
                    "functions": [
                        {
                            "function": "set_count",
                            "count": {
                                "min": 3,
                                "max": 7
                            }
                        }
                    ]
                },
                {
                    "type": "item",
                    "weight": 7,
                    "name": "minecraft:orange_dye",
                    "functions": [
                        {
                            "function": "set_count",
                            "count": {
                                "min": 3,
                                "max": 7
                            }
                        }
                    ]
                },
                {
                    "type": "item",
                    "weight": 7,
                    "name": "minecraft:pink_dye",
                    "functions": [
                        {
                            "function": "set_count",
                            "count": {
                                "min": 3,
                                "max": 7
                            }
                        }
                    ]
                },
                {
                    "type": "item",
                    "weight": 7,
                    "name": "minecraft:red_dye",
                    "functions": [
                        {
                            "function": "set_count",
                            "count": {
                                "min": 3,
                                "max": 7
                            }
                        }
                    ]
                },
                {
                    "type": "item",
                    "weight": 7,
                    "name": "minecraft:yellow_dye",
                    "functions": [
                        {
                            "function": "set_count",
                            "count": {
                                "min": 3,
                                "max": 7
                            }
                        }
                    ]
                },
                {
                    "type": "item",
                    "weight": 10,
                    "name": "minecraft:lily_pad",
                    "functions": [
                        {
                            "function": "set_count",
                            "count": {
                                "min": 1,
                                "max": 5
                            }
                        }
                    ]
                },
                {
                    "type": "item",
                    "weight": 10,
                    "name": "minecraft:orange_tulip",
                    "functions": [
                        {
                            "function": "set_count",
                            "count": {
                                "min": 1,
                                "max": 5
                            }
                        }
                    ]
                },
                {
                    "type": "item",
                    "weight": 10,
                    "name": "minecraft:pink_tulip",
                    "functions": [
                        {
                            "function": "set_count",
                            "count": {
                                "min": 1,
                                "max": 5
                            }
                        }
                    ]
                },
                {
                    "type": "item",
                    "weight": 10,
                    "name": "minecraft:rose_bush"
                },
                {
                    "type": "item",
                    "weight": 10,
                    "name": "minecraft:sunflower"
                },
                {
                    "type": "item",
                    "weight": 17,
                    "name": "minecraft:paper",
                    "functions": [
                        {
                            "function": "set_count",
                            "count": {
                                "min": 5,
                                "max": 12
                            }
                        }
                    ]
                },
                {
                    "type": "item",
                    "weight": 10,
                    "name": "minecraft:prismarine_shard",
                    "functions": [
                        {
                            "function": "set_count",
                            "count": {
                                "min": 12,
                                "max": 20
                            }
                        }
                    ]
                },
                {
                    "type": "item",
                    "weight": 30,
                    "name": "minecraft:bread",
                    "functions": [
                        {
                            "function": "set_count",
                            "count": {
                                "min": 1,
                                "max": 5
                            }
                        }
                    ]
                },
                {
                    "type": "item",
                    "weight": 30,
                    "name": "minecraft:wheat",
                    "functions": [
                        {
                            "function": "set_count",
                            "count": {
                                "min": 5,
                                "max": 9
                            }
                        }
                    ]
                },
                {
                    "type": "item",
                    "weight": 10,
                    "name": "minecraft:pumpkin",
                    "functions": [
                        {
                            "function": "set_count",
                            "count": {
                                "min": 1,
                                "max": 2
                            }
                        }
                    ]
                },
                {
                    "type": "item",
                    "weight": 15,
                    "name": "minecraft:wet_sponge",
                    "functions": [
                        {
                            "function": "set_count",
                            "count": {
                                "min": 1,
                                "max": 3
                            }
                        }
                    ]
                },
                {
                    "type": "item",
                    "weight": 20,
                    "name": "minecraft:stick",
                    "functions": [
                        {
                            "function": "set_count",
                            "count": {
                                "min": 4,
                                "max": 10
                            }
                        }
                    ]
                },
                {
                    "type": "item",
                    "weight": 20,
                    "name": "minecraft:string",
                    "functions": [
                        {
                            "function": "set_count",
                            "count": {
                                "min": 10,
                                "max": 24
                            }
                        }
                    ]
                },
                {
                    "type": "item",
                    "weight": 35,
                    "name": "minecraft:torch",
                    "functions": [
                        {
                            "function": "set_count",
                            "count": {
                                "min": 4,
                                "max": 16
                            }
                        }
                    ]
                },
                {
                    "type": "item",
                    "weight": 20,
                    "name": "minecraft:wooden_pickaxe"
                },
                {
                    "type": "item",
                    "weight": 20,
                    "name": "minecraft:wooden_shovel"
                },
                {
                    "type": "item",
                    "weight": 10,
                    "name": "minecraft:stone_pickaxe"
                },
                {
                    "type": "item",
                    "weight": 10,
                    "name": "minecraft:stone_axe"
                },
                {
                    "type": "item",
                    "weight": 10,
                    "name": "minecraft:stone_shovel"
                },
                {
                    "type": "item",
                    "weight": 7,
                    "name": "minecraft:enchanted_book",
                    "functions": [
                        {
                            "function": "set_nbt",
                            "tag": "\"{StoredEnchantments:[{id:\"minecraft:efficiency\",lvl:1s}]}\""
                        }
                    ]
                },
                {
                    "type": "item",
                    "weight": 7,
                    "name": "minecraft:enchanted_book",
                    "functions": [
                        {
                            "function": "set_nbt",
                            "tag": "\"{StoredEnchantments:[{id:\"minecraft:luck_of_the_sea\",lvl:1s}]}\""
                        }
                    ]
                },
                {
                    "type": "item",
                    "weight": 7,
                    "name": "minecraft:enchanted_book",
                    "functions": [
                        {
                            "function": "set_nbt",
                            "tag": "\"{StoredEnchantments:[{id:\"minecraft:lure\",lvl:1s}]}\""
                        }
                    ]
                }
            ]
        }
    ]
}